id,proba,label
15740,0.13849227130413055,0
38794,0.7019892930984497,1
60792,0.18779127299785614,0
71824,0.06899669021368027,0
4796,0.3494493365287781,0
75310,0.318492591381073,0
63425,0.499001681804657,0
72360,0.5771253108978271,1
17203,0.19566158950328827,0
76803,0.18539343774318695,0
96013,0.1283664107322693,0
78093,0.6306586861610413,1
8179,0.3686915636062622,0
60425,0.3388596177101135,0
68439,0.30220210552215576,0
93602,0.3080240488052368,0
30941,0.3784225285053253,0
13782,0.48379984498023987,0
38902,0.09581019729375839,0
42698,0.21377888321876526,0
71840,0.13574105501174927,0
24890,0.14797846972942352,0
74863,0.34101277589797974,0
9257,0.08467286825180054,0
50921,0.08535011857748032,0
3218,0.12243255972862244,0
20396,0.08076141029596329,0
74895,0.29754334688186646,0
32489,0.4295000731945038,0
2937,0.15539424121379852,0
51379,0.1268204301595688,0
54701,0.38211214542388916,0
32198,0.7686258554458618,1
86423,0.47409725189208984,0
52809,0.45460376143455505,0
60158,0.368283748626709,0
60589,0.2912091016769409,0
43186,0.1802586168050766,0
50498,0.18870627880096436,0
21658,0.13772475719451904,0
96371,0.1521490067243576,0
49873,0.26149603724479675,0
6738,0.2702198624610901,0
19870,0.15629315376281738,0
59604,0.2719203233718872,0
49306,0.6470667123794556,1
8679,0.19229896366596222,0
10536,0.21470245718955994,0
34571,0.15471526980400085,0
40596,0.640467643737793,1
8245,0.2549861967563629,0
4567,0.24637281894683838,0
60837,0.4072462320327759,0
4851,0.282116174697876,0
59482,0.2859729826450348,0
74308,0.3173021078109741,0
12945,0.11925777047872543,0
86302,0.3690207302570343,0
70341,0.09421221911907196,0
42609,0.2634406089782715,0
73964,0.11148850619792938,0
59120,0.1680746227502823,0
24560,0.2549305260181427,0
67209,0.6344895362854004,1
64019,0.5760096907615662,1
8612,0.12963709235191345,0
43925,0.13527818024158478,0
49713,0.151038259267807,0
28069,0.15485841035842896,0
78259,0.13793621957302094,0
60278,0.219449982047081,0
62038,0.19884315133094788,0
60534,0.5008581876754761,1
79160,0.5785362720489502,1
17094,0.19757725298404694,0
32698,0.1284242570400238,0
38601,0.1781751662492752,0
49580,0.7351052761077881,1
52804,0.539513349533081,1
32904,0.11053290218114853,0
12804,0.48322638869285583,0
38125,0.41769903898239136,0
28164,0.19411605596542358,0
93756,0.23799727857112885,0
27103,0.3120505213737488,0
31482,0.21566423773765564,0
68759,0.45233047008514404,0
69743,0.1000499352812767,0
36047,0.14982956647872925,0
52179,0.624925434589386,1
18953,0.13047786056995392,0
8673,0.27860027551651,0
36927,0.2533471882343292,0
72398,0.38542884588241577,0
86259,0.1803968846797943,0
3742,0.6188340783119202,1
23765,0.77040696144104,1
35079,0.28987395763397217,0
70394,0.7749703526496887,1
30519,0.488156795501709,0
69514,0.17186158895492554,0
41082,0.25548431277275085,0
51389,0.19280600547790527,0
58317,0.36910098791122437,0
38569,0.23761440813541412,0
34568,0.4443831741809845,0
79132,0.5114268660545349,1
76019,0.565102219581604,1
67015,0.3027312755584717,0
34218,0.12806619703769684,0
48016,0.5379269123077393,1
29348,0.5263779759407043,1
89701,0.3481660783290863,0
25896,0.20925942063331604,0
68457,0.3420082926750183,0
3485,0.13322418928146362,0
36752,0.6533100605010986,1
51670,0.3304802179336548,0
45367,0.22633640468120575,0
30894,0.2584906816482544,0
53021,0.6685476899147034,1
54738,0.4411746561527252,0
41627,0.3821694850921631,0
21654,0.37871187925338745,0
32149,0.3153347373008728,0
57846,0.41732507944107056,0
68510,0.21968184411525726,0
29035,0.41335809230804443,0
76598,0.1601382941007614,0
78263,0.48074278235435486,0
56243,0.2502194344997406,0
63582,0.5957210659980774,1
60182,0.16376857459545135,0
67518,0.19041669368743896,0
34762,0.31828734278678894,0
58412,0.2922353446483612,0
36104,0.5026485919952393,1
61759,0.11264003068208694,0
47026,0.33962589502334595,0
79142,0.14069530367851257,0
51368,0.1838739812374115,0
15392,0.17506185173988342,0
86930,0.1533208191394806,0
28364,0.32371410727500916,0
96451,0.2884393334388733,0
91570,0.16709041595458984,0
17340,0.1107245534658432,0
1762,0.06512046605348587,0
30915,0.16166725754737854,0
92864,0.21410076320171356,0
92108,0.2225789576768875,0
96057,0.20143958926200867,0
27096,0.33146902918815613,0
46802,0.12306096404790878,0
23879,0.16738374531269073,0
4687,0.2693294286727905,0
82574,0.6034579873085022,1
86320,0.30314406752586365,0
74365,0.22417765855789185,0
49127,0.07908459007740021,0
70653,0.12654763460159302,0
4638,0.23850226402282715,0
98310,0.129592165350914,0
37824,0.4155687987804413,0
1562,0.32961344718933105,0
15324,0.11965818703174591,0
8697,0.37123504281044006,0
85796,0.5280174612998962,1
95203,0.49290674924850464,0
75014,0.12852871417999268,0
69875,0.0743776485323906,0
6453,0.161316379904747,0
95213,0.60460364818573,1
8269,0.5786839127540588,1
25641,0.14149358868598938,0
54982,0.41566652059555054,0
32809,0.2912842929363251,0
72481,0.3917796015739441,0
2567,0.33966371417045593,0
24517,0.41076067090034485,0
81239,0.38342443108558655,0
91625,0.8018912076950073,1
29637,0.5370731353759766,1
90451,0.09650149196386337,0
12493,0.12111932784318924,0
48629,0.08735156059265137,0
46035,0.5837669968605042,1
58437,0.5525677800178528,1
91487,0.2579759955406189,0
98015,0.1310131698846817,0
31672,0.28517651557922363,0
63951,0.28481248021125793,0
54721,0.21123965084552765,0
16735,0.16496743261814117,0
29071,0.4503817558288574,0
71543,0.07351642102003098,0
38579,0.39406564831733704,0
81439,0.519676685333252,1
10746,0.2822668254375458,0
28053,0.7637638449668884,1
20148,0.05754115432500839,0
3985,0.6208019852638245,1
47593,0.28899937868118286,0
75492,0.11262072622776031,0
37496,0.6861063838005066,1
29716,0.19031840562820435,0
71983,0.3468194305896759,0
19284,0.08681432902812958,0
97401,0.2518526315689087,0
52798,0.21669438481330872,0
5819,0.31782588362693787,0
54236,0.3497403860092163,0
78023,0.212126687169075,0
12630,0.19165955483913422,0
78169,0.4596622586250305,0
38097,0.0982896089553833,0
51926,0.07020408660173416,0
67490,0.7179098725318909,1
42895,0.19161422550678253,0
75084,0.43964123725891113,0
18654,0.17746156454086304,0
35627,0.12957239151000977,0
12765,0.06143121421337128,0
47280,0.5457239747047424,1
61748,0.07846179604530334,0
19682,0.19388459622859955,0
53196,0.33292868733406067,0
30624,0.5816159248352051,1
8129,0.21512308716773987,0
74619,0.3398911654949188,0
20198,0.2003917545080185,0
95876,0.06811027228832245,0
96753,0.3042772710323334,0
36792,0.1076987087726593,0
12638,0.25537872314453125,0
7284,0.2855469882488251,0
95421,0.16432902216911316,0
6594,0.1435374617576599,0
45913,0.11744748055934906,0
9174,0.5143525004386902,1
54968,0.5385782122612,1
42530,0.1975146234035492,0
64370,0.09206139296293259,0
42867,0.21854965388774872,0
3612,0.5148013830184937,1
27805,0.16432452201843262,0
14896,0.48312199115753174,0
14579,0.07962504774332047,0
9237,0.1125217080116272,0
30495,0.24775540828704834,0
25316,0.187224879860878,0
20836,0.3237723410129547,0
89371,0.4056987464427948,0
31587,0.5551497340202332,1
41738,0.1769123077392578,0
73612,0.2105882465839386,0
95027,0.10868417471647263,0
60857,0.31193485856056213,0
6432,0.28050029277801514,0
40586,0.39291638135910034,0
96408,0.3488997220993042,0
8769,0.18786197900772095,0
32657,0.24586716294288635,0
93045,0.5067988038063049,1
62754,0.8756017684936523,1
79625,0.17235516011714935,0
83124,0.13308760523796082,0
83567,0.28537270426750183,0
43627,0.5641629099845886,1
65891,0.13415133953094482,0
14890,0.3512362539768219,0
36271,0.26372358202934265,0
67324,0.16250719130039215,0
71250,0.15689094364643097,0
84903,0.13169017434120178,0
60435,0.19989077746868134,0
90187,0.4055870473384857,0
98315,0.19807465374469757,0
73129,0.2629638910293579,0
93810,0.6661807298660278,1
7425,0.19933916628360748,0
80634,0.10163058340549469,0
20958,0.5825246572494507,1
86502,0.2880330979824066,0
7328,0.16442474722862244,0
6731,0.1684548556804657,0
86521,0.8195809721946716,1
12930,0.2047765851020813,0
75431,0.1754695624113083,0
63479,0.15643425285816193,0
95438,0.24801425635814667,0
52193,0.1909535825252533,0
8153,0.30184268951416016,0
26093,0.16137577593326569,0
49205,0.07721839845180511,0
80324,0.43132835626602173,0
34082,0.6294088959693909,1
2183,0.3231702148914337,0
34682,0.23499302566051483,0
38946,0.22918201982975006,0
53067,0.1563866287469864,0
10965,0.1927294135093689,0
78643,0.13362860679626465,0
15749,0.6773235201835632,1
48965,0.2799018919467926,0
75981,0.07559829205274582,0
75128,0.8777133226394653,1
65430,0.5971899032592773,1
27961,0.24336585402488708,0
82193,0.8230295181274414,1
4519,0.4706840515136719,0
59420,0.6424528956413269,1
59063,0.17990170419216156,0
15632,0.33405211567878723,0
25739,0.1341349184513092,0
26590,0.241519495844841,0
31427,0.22937330603599548,0
78502,0.10314235091209412,0
61983,0.23411230742931366,0
63075,0.3888837397098541,0
31509,0.1255245804786682,0
65107,0.39376741647720337,0
71023,0.8079586625099182,1
43256,0.21981416642665863,0
57129,0.2743464410305023,0
39751,0.4006732702255249,0
97642,0.7200111746788025,1
86035,0.44694969058036804,0
79256,0.5583435893058777,1
78146,0.5461853742599487,1
58369,0.11092722415924072,0
53961,0.08556588739156723,0
7934,0.11505076289176941,0
32795,0.1180017739534378,0
31850,0.15879669785499573,0
74069,0.19802285730838776,0
59763,0.11874497681856155,0
60714,0.2512567937374115,0
84135,0.5017300248146057,1
52678,0.22155696153640747,0
1834,0.20932985842227936,0
4957,0.4419708251953125,0
28967,0.1878155916929245,0
65927,0.14160975813865662,0
59874,0.08253868669271469,0
12394,0.18964755535125732,0
62594,0.12921562790870667,0
97185,0.30510708689689636,0
45798,0.059519194066524506,0
2564,0.3872714936733246,0
67410,0.15606893599033356,0
20314,0.18917691707611084,0
97852,0.1437155306339264,0
38169,0.60221266746521,1
54012,0.6706879734992981,1
62415,0.8012149930000305,1
38056,0.3286694884300232,0
65802,0.20152974128723145,0
51738,0.24197827279567719,0
58760,0.09810395538806915,0
43861,0.3179773688316345,0
81329,0.26022112369537354,0
50416,0.3707902431488037,0
71843,0.5912453532218933,1
48957,0.8151326179504395,1
98735,0.09972194582223892,0
72390,0.43918952345848083,0
17263,0.35049140453338623,0
20341,0.29822883009910583,0
32964,0.1629357486963272,0
97241,0.27245521545410156,0
98602,0.33985191583633423,0
50863,0.6319122314453125,1
69375,0.5322211384773254,1
95237,0.3265950083732605,0
59127,0.0855025127530098,0
15387,0.10020798444747925,0
1368,0.4476507604122162,0
39610,0.586632490158081,1
68045,0.16348662972450256,0
1758,0.08336591720581055,0
97012,0.7054312229156494,1
78495,0.35203903913497925,0
76984,0.21031194925308228,0
2879,0.3155217170715332,0
56810,0.544929563999176,1
87549,0.9043806195259094,1
23056,0.08429375290870667,0
53764,0.16681745648384094,0
31928,0.11507794260978699,0
28097,0.15815094113349915,0
76548,0.8390867114067078,1
30428,0.2487913966178894,0
46093,0.18838782608509064,0
12396,0.6866361498832703,1
58613,0.724254310131073,1
49510,0.34769314527511597,0
16798,0.1403435468673706,0
53691,0.11325351148843765,0
37095,0.14582456648349762,0
5962,0.11038549244403839,0
4763,0.07832188159227371,0
30594,0.7703797221183777,1
61835,0.617073655128479,1
36708,0.4786621630191803,0
91403,0.30841249227523804,0
50678,0.7568538188934326,1
34902,0.10156268626451492,0
13649,0.09997627884149551,0
48536,0.10470558702945709,0
94025,0.4803990125656128,0
75416,0.15349379181861877,0
37854,0.17268897593021393,0
31705,0.7146679759025574,1
15023,0.5299888253211975,1
61938,0.21204794943332672,0
62513,0.1482040286064148,0
86301,0.8377083539962769,1
69731,0.17940625548362732,0
75418,0.21326704323291779,0
98365,0.15490974485874176,0
21683,0.6020477414131165,1
57240,0.7995706796646118,1
42659,0.7321749925613403,1
84793,0.09023608267307281,0
8419,0.8444530367851257,1
92315,0.10545635968446732,0
98401,0.4394358694553375,0
84730,0.3925715386867523,0
62107,0.3210797607898712,0
98613,0.2535407543182373,0
26705,0.23919661343097687,0
79150,0.07508584856987,0
85267,0.3341555595397949,0
50794,0.513060450553894,1
72193,0.4031566083431244,0
15302,0.8896364569664001,1
50627,0.24654272198677063,0
34208,0.14989635348320007,0
48063,0.839989423751831,1
12378,0.2828042209148407,0
87432,0.4062146544456482,0
70893,0.1874486207962036,0
53872,0.6981601715087891,1
65803,0.17521178722381592,0
45682,0.30965113639831543,0
75608,0.14617250859737396,0
9461,0.8032551407814026,1
38261,0.0922015830874443,0
17534,0.6437345743179321,1
59836,0.2669316828250885,0
8514,0.11411544680595398,0
64219,0.2220289409160614,0
47652,0.21906262636184692,0
32856,0.1291659027338028,0
5827,0.17425423860549927,0
41027,0.1375364065170288,0
9316,0.8664870262145996,1
61479,0.2802627682685852,0
26084,0.2542721927165985,0
59628,0.5569952726364136,1
29607,0.27234214544296265,0
7315,0.1056252270936966,0
19820,0.6346203088760376,1
1278,0.06080742925405502,0
73851,0.480231910943985,0
98706,0.3834474980831146,0
16382,0.2697107493877411,0
82436,0.259326696395874,0
37890,0.36279433965682983,0
25460,0.21512705087661743,0
94217,0.15859095752239227,0
80314,0.07384464889764786,0
28571,0.906466007232666,1
9436,0.20397596061229706,0
62174,0.1487162858247757,0
37264,0.1931438148021698,0
43795,0.1488768458366394,0
54260,0.34172937273979187,0
78594,0.2708062529563904,0
3562,0.2758410573005676,0
38726,0.18216513097286224,0
29847,0.07113078981637955,0
59076,0.11438506096601486,0
68957,0.10612394660711288,0
79432,0.26885929703712463,0
69820,0.26137179136276245,0
80429,0.22077450156211853,0
96725,0.41993746161460876,0
89473,0.1642126441001892,0
93185,0.32758450508117676,0
14796,0.05614592507481575,0
43897,0.41204264760017395,0
23150,0.5118299126625061,1
40231,0.0997730940580368,0
14876,0.5758787393569946,1
83617,0.2680237293243408,0
91748,0.1933412402868271,0
96124,0.2497931867837906,0
21036,0.20873835682868958,0
68541,0.4438308775424957,0
95608,0.21723493933677673,0
79810,0.07444911450147629,0
83421,0.169953390955925,0
56178,0.5839189887046814,1
67018,0.17339208722114563,0
48769,0.22953879833221436,0
36852,0.5628910660743713,1
37201,0.4100162386894226,0
36970,0.29630181193351746,0
6831,0.24007321894168854,0
96241,0.4724991023540497,0
48302,0.20334970951080322,0
4925,0.2421882450580597,0
4371,0.4545879662036896,0
70645,0.09486469626426697,0
71420,0.87467360496521,1
24601,0.20355431735515594,0
47063,0.5085576772689819,1
43596,0.3114757537841797,0
58976,0.21402963995933533,0
59814,0.5688958168029785,1
86923,0.25815242528915405,0
35704,0.3746955096721649,0
74103,0.3201430141925812,0
86572,0.6944584846496582,1
6154,0.3689289689064026,0
51024,0.8484076857566833,1
18704,0.24654188752174377,0
34016,0.44635865092277527,0
85071,0.1167721301317215,0
76945,0.4256904125213623,0
70698,0.19437678158283234,0
71563,0.3287595212459564,0
29857,0.21778132021427155,0
63017,0.8112307786941528,1
94012,0.4091281592845917,0
4897,0.24064168334007263,0
54187,0.2095584273338318,0
62143,0.5126938819885254,1
9632,0.6496994495391846,1
47590,0.08050157129764557,0
56312,0.1225234866142273,0
93517,0.14969821274280548,0
94051,0.1730785220861435,0
96145,0.3337884247303009,0
63287,0.41049453616142273,0
70234,0.6106167435646057,1
4932,0.20857806503772736,0
18043,0.18711160123348236,0
16745,0.3878012001514435,0
30427,0.782230794429779,1
67539,0.1623067706823349,0
30497,0.4431990385055542,0
78036,0.3710506558418274,0
30246,0.6652967929840088,1
98341,0.13670407235622406,0
74910,0.7994769811630249,1
38952,0.34647268056869507,0
49603,0.19295412302017212,0
81642,0.8900586366653442,1
14056,0.2094227820634842,0
48160,0.1962224394083023,0
37269,0.27067384123802185,0
35726,0.43502721190452576,0
20634,0.20553651452064514,0
20859,0.19386011362075806,0
92843,0.08209462463855743,0
3692,0.1661032736301422,0
50638,0.12523673474788666,0
27369,0.6238839626312256,1
93478,0.11339746415615082,0
37942,0.10486438125371933,0
4632,0.11065389215946198,0
40327,0.24510805308818817,0
81056,0.3472793996334076,0
87206,0.29739105701446533,0
45893,0.4844661056995392,0
82039,0.1492280513048172,0
35972,0.20311912894248962,0
97062,0.7762963771820068,1
97406,0.5993884801864624,1
23516,0.5296826362609863,1
84619,0.08683057874441147,0
14750,0.155190110206604,0
85219,0.06768965721130371,0
60217,0.5002222657203674,1
9216,0.178048238158226,0
4739,0.6001319289207458,1
81549,0.3579651415348053,0
23105,0.41339343786239624,0
75028,0.35068202018737793,0
26981,0.11362309008836746,0
37458,0.4831646680831909,0
70964,0.7485412359237671,1
94163,0.5976516604423523,1
40876,0.16213537752628326,0
12089,0.5389357805252075,1
5431,0.12340568751096725,0
85642,0.29312726855278015,0
70325,0.12725739181041718,0
45196,0.12298133224248886,0
80157,0.23246055841445923,0
70641,0.31306585669517517,0
34502,0.42482560873031616,0
83520,0.11264076828956604,0
67234,0.26083874702453613,0
13574,0.3722037374973297,0
42571,0.1375434547662735,0
51467,0.18281474709510803,0
9786,0.37982890009880066,0
58063,0.7505793571472168,1
89403,0.20332051813602448,0
52896,0.13678252696990967,0
60784,0.3797127902507782,0
70293,0.11312054097652435,0
19623,0.2681269347667694,0
85129,0.6152233481407166,1
61847,0.34094199538230896,0
13259,0.09023910015821457,0
96425,0.23881420493125916,0
7913,0.17109797894954681,0
52397,0.5788897275924683,1
61897,0.08268044888973236,0
64257,0.5284329056739807,1
72618,0.7292801737785339,1
75396,0.15621823072433472,0
83591,0.4946599006652832,0
28165,0.2084580361843109,0
59360,0.7510132789611816,1
52187,0.5561209917068481,1
10642,0.5837443470954895,1
40397,0.11717928200960159,0
52871,0.5708723068237305,1
68529,0.2837451696395874,0
75240,0.1281943917274475,0
7816,0.1139894500374794,0
92358,0.8575554490089417,1
80695,0.27221181988716125,0
89765,0.17391128838062286,0
63195,0.19827499985694885,0
59341,0.4352623522281647,0
87106,0.41310083866119385,0
28543,0.138291135430336,0
94718,0.722878098487854,1
87563,0.15823213756084442,0
87236,0.1488422304391861,0
91648,0.21065905690193176,0
23749,0.1329912394285202,0
53640,0.29785117506980896,0
35478,0.3698139190673828,0
26437,0.14607304334640503,0
29645,0.3908812999725342,0
7352,0.1321718394756317,0
94210,0.1791028529405594,0
63198,0.0752306878566742,0
43976,0.4521956741809845,0
86137,0.14850860834121704,0
59860,0.9008155465126038,1
23967,0.28015509247779846,0
50981,0.5790512561798096,1
90275,0.0806145891547203,0
2934,0.12721702456474304,0
29481,0.1790788769721985,0
58142,0.3586163818836212,0
5192,0.751758873462677,1
49716,0.16436412930488586,0
84750,0.1050669401884079,0
56018,0.09052348881959915,0
96027,0.2895025908946991,0
65372,0.2629452049732208,0
32761,0.12291049212217331,0
64208,0.20885348320007324,0
19382,0.30281591415405273,0
95036,0.09973583370447159,0
12709,0.6349807977676392,1
83259,0.1943880021572113,0
51479,0.11561749130487442,0
27145,0.1182684451341629,0
28564,0.7301618456840515,1
85601,0.48621809482574463,0
80915,0.10906139761209488,0
62915,0.39288008213043213,0
61489,0.3076094686985016,0
37950,0.20379553735256195,0
54316,0.1963150054216385,0
16584,0.30045944452285767,0
74810,0.13951966166496277,0
90132,0.12167850881814957,0
23706,0.45016369223594666,0
57409,0.1561235934495926,0
38679,0.09511582553386688,0
43017,0.26848962903022766,0
86309,0.5468042492866516,1
13908,0.1186482235789299,0
93584,0.4129451811313629,0
24398,0.3699777126312256,0
61047,0.24538737535476685,0
14582,0.19336581230163574,0
81604,0.8128749132156372,1
28791,0.5647302269935608,1
79230,0.13926245272159576,0
49012,0.29550763964653015,0
85473,0.7558823823928833,1
75304,0.13599291443824768,0
93712,0.6371961236000061,1
31976,0.7946719527244568,1
27450,0.6671839356422424,1
53897,0.24673253297805786,0
65190,0.15241284668445587,0
2683,0.07593974471092224,0
6287,0.07804454863071442,0
4298,0.3115626871585846,0
48023,0.8662089109420776,1
72309,0.45499321818351746,0
12690,0.17156967520713806,0
52190,0.21818675100803375,0
29417,0.44725704193115234,0
24306,0.30554941296577454,0
8925,0.29838690161705017,0
57046,0.14596818387508392,0
45869,0.10153919458389282,0
70498,0.13882707059383392,0
96327,0.42629262804985046,0
96781,0.163299098610878,0
58394,0.1821502447128296,0
93784,0.36712509393692017,0
30865,0.7907507419586182,1
20975,0.06130851432681084,0
53082,0.30201777815818787,0
52103,0.7511560916900635,1
5187,0.20497198402881622,0
54287,0.2700134217739105,0
40536,0.5169886350631714,1
52894,0.2004673033952713,0
24716,0.13637374341487885,0
68705,0.0940956249833107,0
25413,0.067453533411026,0
10537,0.10745355486869812,0
72306,0.31618601083755493,0
94365,0.3224157989025116,0
17934,0.910584568977356,1
12594,0.10677170008420944,0
31957,0.8746959567070007,1
10647,0.2537515461444855,0
18732,0.2120288461446762,0
84657,0.7882314324378967,1
32604,0.09980794042348862,0
98013,0.2454024851322174,0
49052,0.8382543921470642,1
86405,0.11511248350143433,0
81926,0.4473179280757904,0
28916,0.5459209084510803,1
23508,0.5364664793014526,1
60315,0.36385804414749146,0
45217,0.16617418825626373,0
92640,0.1884930431842804,0
20651,0.11011836677789688,0
92853,0.3769333064556122,0
37640,0.07834317535161972,0
80253,0.15336421132087708,0
6839,0.0859590619802475,0
79218,0.4022846519947052,0
76249,0.43547117710113525,0
64951,0.2897370755672455,0
45163,0.4482184052467346,0
42579,0.49010881781578064,0
58239,0.08840000629425049,0
84372,0.12563522160053253,0
98156,0.44852301478385925,0
92607,0.4228384494781494,0
1567,0.2043253481388092,0
75183,0.07653338462114334,0
64081,0.14638952910900116,0
62740,0.3890794515609741,0
14785,0.11375736445188522,0
67419,0.31755968928337097,0
85274,0.29977697134017944,0
12065,0.19117216765880585,0
28306,0.14909692108631134,0
17562,0.2330082505941391,0
10397,0.4851493537425995,0
49307,0.29272305965423584,0
75439,0.4564518928527832,0
21694,0.22250314056873322,0
73592,0.18515120446681976,0
64537,0.1631193459033966,0
72519,0.7820692658424377,1
25710,0.5492996573448181,1
93642,0.5119603872299194,1
1723,0.06389831751585007,0
68017,0.09598926454782486,0
93158,0.21568778157234192,0
23876,0.3988378047943115,0
4982,0.7766038179397583,1
59781,0.6358333230018616,1
98120,0.17640140652656555,0
53647,0.3186972439289093,0
78513,0.10824493318796158,0
53712,0.24710975587368011,0
57264,0.6212666034698486,1
13475,0.1157720535993576,0
52739,0.10421016812324524,0
36718,0.05684646964073181,0
60597,0.10955917835235596,0
83514,0.11395382136106491,0
32548,0.28795623779296875,0
26754,0.2449156641960144,0
31647,0.19963480532169342,0
68350,0.1522679328918457,0
89104,0.28670090436935425,0
97143,0.2463480830192566,0
16289,0.43151625990867615,0
1689,0.17932863533496857,0
49602,0.19032475352287292,0
80546,0.20328426361083984,0
45270,0.1568872630596161,0
41257,0.11214713752269745,0
16807,0.1707099974155426,0
97512,0.14408068358898163,0
36408,0.06719519197940826,0
4165,0.1954142451286316,0
38274,0.17532427608966827,0
28015,0.4760008156299591,0
41283,0.1843796819448471,0
5694,0.19976210594177246,0
37429,0.2832002639770508,0
62394,0.1918419599533081,0
7398,0.07418400794267654,0
26813,0.18107827007770538,0
18067,0.075734943151474,0
46573,0.2788248658180237,0
28407,0.38589900732040405,0
84203,0.20717425644397736,0
36592,0.1246253103017807,0
59634,0.3503389358520508,0
10348,0.3722328841686249,0
40319,0.09769705682992935,0
25408,0.12168633937835693,0
35261,0.11624184995889664,0
72645,0.23176150023937225,0
2138,0.1291791796684265,0
54137,0.10996653139591217,0
18475,0.09204395860433578,0
19253,0.17408038675785065,0
90283,0.1137632355093956,0
67025,0.12451645731925964,0
30978,0.5841636061668396,1
6245,0.09250237792730331,0
46879,0.22743923962116241,0
49813,0.08592668175697327,0
42869,0.23776490986347198,0
21507,0.08253680914640427,0
52940,0.14124137163162231,0
15327,0.17576071619987488,0
68743,0.12995769083499908,0
94576,0.5047746300697327,1
50912,0.17841669917106628,0
52069,0.10393337160348892,0
47305,0.1277124285697937,0
39417,0.11644387245178223,0
52916,0.09381437301635742,0
48295,0.40258824825286865,0
25380,0.47933465242385864,0
87329,0.3204071819782257,0
48327,0.18155790865421295,0
50816,0.11193937063217163,0
84732,0.4911830425262451,0
24798,0.10245725512504578,0
19840,0.38029345870018005,0
41658,0.21202440559864044,0
98326,0.29004597663879395,0
29316,0.0956885889172554,0
24301,0.09346603602170944,0
41967,0.6212156414985657,1
30261,0.20845887064933777,0
90617,0.5132004618644714,1
78042,0.08346819877624512,0
32785,0.12026842683553696,0
73456,0.2484765648841858,0
31592,0.24969393014907837,0
26457,0.29911869764328003,0
56023,0.657855749130249,1
68295,0.13614115118980408,0
20316,0.09919214993715286,0
16804,0.15677472949028015,0
38917,0.31737789511680603,0
13947,0.10957683622837067,0
30971,0.425448477268219,0
83016,0.13793858885765076,0
41863,0.25670158863067627,0
63082,0.48042720556259155,0
28576,0.6643415093421936,1
21597,0.13029654324054718,0
62781,0.5466307997703552,1
3527,0.08897332102060318,0
10627,0.13979403674602509,0
93581,0.10983680933713913,0
13567,0.12043163180351257,0
69824,0.4025895297527313,0
19780,0.08382664620876312,0
18509,0.39311861991882324,0
73825,0.1006186306476593,0
84017,0.1166669949889183,0
98513,0.18575920164585114,0
6328,0.3244366943836212,0
74521,0.07713454961776733,0
5748,0.3349002003669739,0
67820,0.16062627732753754,0
39187,0.152467742562294,0
18642,0.42695438861846924,0
46759,0.8124186992645264,1
41072,0.3829284608364105,0
94782,0.17030636966228485,0
32054,0.418376088142395,0
69273,0.18220467865467072,0
49830,0.206403911113739,0
60897,0.3492600917816162,0
27148,0.15652021765708923,0
78240,0.1538858562707901,0
18054,0.15041768550872803,0
31624,0.17212100327014923,0
58621,0.7905849814414978,1
91243,0.4152127206325531,0
9812,0.35558000206947327,0
53148,0.5624778270721436,1
13568,0.19307424128055573,0
14682,0.15931451320648193,0
68491,0.06952542066574097,0
40958,0.07203177362680435,0
56089,0.134429469704628,0
43276,0.19371837377548218,0
4978,0.42730796337127686,0
25931,0.2690143883228302,0
36051,0.16590197384357452,0
95428,0.13382519781589508,0
60834,0.3079218566417694,0
14073,0.44199591875076294,0
68543,0.1516863852739334,0
87941,0.07057454437017441,0
90512,0.07759034633636475,0
61308,0.09538926184177399,0
97238,0.28756183385849,0
29187,0.28740882873535156,0
72408,0.4169387221336365,0
51849,0.07262630015611649,0
14872,0.12726376950740814,0
41237,0.5197563767433167,1
27958,0.37128832936286926,0
52489,0.12498913705348969,0
19627,0.11988329887390137,0
45018,0.1753644496202469,0
27305,0.15312176942825317,0
91365,0.10516244173049927,0
27310,0.2715045213699341,0
27609,0.2989130914211273,0
57462,0.08177641779184341,0
2417,0.09626100957393646,0
89673,0.1985383778810501,0
25684,0.24178674817085266,0
6281,0.06386690586805344,0
12568,0.17671804130077362,0
93162,0.20242437720298767,0
89241,0.07613526284694672,0
35806,0.16595818102359772,0
67284,0.07236892729997635,0
61358,0.286495566368103,0
81930,0.0742497593164444,0
3581,0.0881621241569519,0
56120,0.41553518176078796,0
79413,0.23205681145191193,0
74039,0.16571448743343353,0
5239,0.1775122582912445,0
42803,0.08597349375486374,0
28541,0.41115236282348633,0
73068,0.17738252878189087,0
63704,0.1131945475935936,0
54219,0.19821889698505402,0
43125,0.10412157326936722,0
62498,0.3321536183357239,0
92605,0.1438901573419571,0
13972,0.11218222975730896,0
20769,0.11260377615690231,0
9317,0.1770545244216919,0
91274,0.1085064485669136,0
10836,0.08783429116010666,0
42605,0.05858145281672478,0
56342,0.5026445388793945,1
23801,0.1883949637413025,0
14527,0.15033631026744843,0
64037,0.20665453374385834,0
97263,0.21156717836856842,0
83947,0.2606547474861145,0
73140,0.2128584384918213,0
40518,0.15231509506702423,0
83754,0.6844431161880493,1
35916,0.09465816617012024,0
36142,0.2818392813205719,0
25604,0.7769278287887573,1
8659,0.3381437361240387,0
43950,0.18932101130485535,0
52860,0.14498598873615265,0
49237,0.17348890006542206,0
38907,0.14982110261917114,0
58203,0.14499859511852264,0
67594,0.4305836260318756,0
16470,0.1141447052359581,0
90653,0.6970745921134949,1
85361,0.1874329149723053,0
21846,0.0912933349609375,0
81746,0.10461240261793137,0
74580,0.3006567656993866,0
17462,0.06769491732120514,0
47025,0.13490161299705505,0
53972,0.07157530635595322,0
56307,0.07420895993709564,0
98437,0.09655303508043289,0
53167,0.48782122135162354,0
65409,0.10875406116247177,0
70268,0.11993107944726944,0
78016,0.18204915523529053,0
8145,0.13598079979419708,0
60574,0.19542983174324036,0
32478,0.13776877522468567,0
93624,0.2548581659793854,0
65097,0.11147572100162506,0
9825,0.2656567692756653,0
71035,0.1667320430278778,0
54391,0.45236700773239136,0
45820,0.07090942561626434,0
8426,0.14930690824985504,0
95162,0.13112576305866241,0
6783,0.5297178030014038,1
7415,0.28070068359375,0
68027,0.1083105131983757,0
20893,0.07050298154354095,0
84123,0.17153431475162506,0
8374,0.23505708575248718,0
31905,0.08007583022117615,0
37891,0.1864796280860901,0
74209,0.29350000619888306,0
52074,0.0901825800538063,0
29176,0.2333587259054184,0
82630,0.10597097873687744,0
3926,0.2598766088485718,0
51920,0.19001504778862,0
63542,0.2689216136932373,0
23941,0.22928400337696075,0
81276,0.2705930471420288,0
65127,0.1040496900677681,0
27654,0.14180047810077667,0
76830,0.16442523896694183,0
18794,0.19895540177822113,0
63270,0.0657249242067337,0
75962,0.09687316417694092,0
83470,0.604796826839447,1
98361,0.2618587017059326,0
67598,0.15173028409481049,0
72054,0.06079046428203583,0
47935,0.2841430902481079,0
63458,0.2714169919490814,0
32071,0.07360707223415375,0
45132,0.15282617509365082,0
58460,0.1125563383102417,0
67584,0.11041156202554703,0
31695,0.17028562724590302,0
83925,0.08315734565258026,0
86209,0.5278206467628479,1
5374,0.31220126152038574,0
94172,0.2774091362953186,0
26739,0.1276489645242691,0
38061,0.18887433409690857,0
78614,0.0696830153465271,0
46201,0.15534143149852753,0
6827,0.12173335999250412,0
34261,0.3171581029891968,0
24850,0.1686244010925293,0
93486,0.1767558604478836,0
57326,0.09268742799758911,0
29043,0.15007446706295013,0
76012,0.11155693233013153,0
60783,0.5558677315711975,1
47539,0.30892086029052734,0
14367,0.14488878846168518,0
93254,0.6966794729232788,1
74205,0.06721310317516327,0
9375,0.1012306809425354,0
10634,0.35035377740859985,0
70182,0.16373057663440704,0
39078,0.39646172523498535,0
64032,0.09511708468198776,0
58364,0.22759020328521729,0
46892,0.09875408560037613,0
19423,0.08375803381204605,0
41290,0.1841411143541336,0
16482,0.10402247309684753,0
40237,0.7966927886009216,1
81295,0.20174337923526764,0
93125,0.4494371712207794,0
86052,0.3737834393978119,0
17324,0.1621766984462738,0
32596,0.2125723510980606,0
16398,0.22205796837806702,0
49537,0.24068842828273773,0
2587,0.131439670920372,0
83096,0.6533513069152832,1
93520,0.41909727454185486,0
1735,0.07190879434347153,0
94608,0.12500683963298798,0
7832,0.1685589849948883,0
56714,0.3117218315601349,0
32476,0.1660696566104889,0
26159,0.11977418512105942,0
63142,0.10590317100286484,0
62974,0.25773611664772034,0
56983,0.200332909822464,0
41320,0.1136111319065094,0
32945,0.22208377718925476,0
54217,0.12614674866199493,0
64539,0.5648651123046875,1
62718,0.11649583280086517,0
69702,0.17869935929775238,0
57109,0.18651357293128967,0
84973,0.16847722232341766,0
50968,0.23957441747188568,0
97615,0.18359628319740295,0
4386,0.2871169149875641,0
72045,0.5704777836799622,1
96432,0.46395400166511536,0
98321,0.6197456121444702,1
52163,0.691755473613739,1
48251,0.2869235873222351,0
12980,0.8821669220924377,1
85196,0.07637720555067062,0
87061,0.0723976120352745,0
56491,0.26008933782577515,0
94762,0.4476442039012909,0
38290,0.09640355408191681,0
18562,0.3186068832874298,0
65307,0.22833310067653656,0
87156,0.16540487110614777,0
2451,0.1803574562072754,0
57382,0.16600236296653748,0
80524,0.08669102191925049,0
95637,0.18914620578289032,0
32701,0.07212948054075241,0
7918,0.10248509049415588,0
28356,0.1950969249010086,0
2619,0.3750109076499939,0
65387,0.12862339615821838,0
1874,0.1359833925962448,0
2437,0.09502459317445755,0
82459,0.11661159247159958,0
32697,0.10237181931734085,0
6918,0.08416974544525146,0
41309,0.3920702636241913,0
76853,0.16926151514053345,0
76540,0.19279111921787262,0
1738,0.17811736464500427,0
78021,0.18746204674243927,0
84032,0.06830687820911407,0
39820,0.06043145805597305,0
91078,0.16469073295593262,0
32796,0.14260566234588623,0
31250,0.23373587429523468,0
52198,0.30894985795021057,0
64310,0.18837542831897736,0
12768,0.07860241085290909,0
21867,0.1289905458688736,0
71534,0.08557894080877304,0
35947,0.1537785530090332,0
5769,0.17278039455413818,0
23087,0.15629780292510986,0
37482,0.37487709522247314,0
40527,0.21851128339767456,0
10837,0.10236756503582001,0
19874,0.26876571774482727,0
90524,0.15963852405548096,0
97624,0.13475017249584198,0
3526,0.17009416222572327,0
4362,0.3473486006259918,0
20679,0.1943909227848053,0
54689,0.11165928095579147,0
18792,0.5180183053016663,1
58423,0.12773270905017853,0
23469,0.1325407475233078,0
87954,0.0795079842209816,0
63792,0.08433002978563309,0
13724,0.09129486232995987,0
10875,0.10721328109502792,0
38652,0.12901680171489716,0
81932,0.23250383138656616,0
28350,0.25587913393974304,0
65243,0.12267770618200302,0
72619,0.17277760803699493,0
5768,0.21961432695388794,0
24018,0.26161858439445496,0
18752,0.27958738803863525,0
24107,0.07247841358184814,0
34965,0.08894900232553482,0
64150,0.16169098019599915,0
2349,0.05802805721759796,0
82451,0.26298633217811584,0
27053,0.29140743613243103,0
29473,0.08270014077425003,0
47912,0.13364234566688538,0
32791,0.08979688584804535,0
35498,0.12398698925971985,0
26837,0.09246109426021576,0
30476,0.10136236250400543,0
92074,0.508417010307312,1
45082,0.18338383734226227,0
82159,0.06997204571962357,0
65123,0.09061989933252335,0
1285,0.19359688460826874,0
49261,0.1309703290462494,0
39064,0.18977075815200806,0
38762,0.20084640383720398,0
26731,0.083490289747715,0
78652,0.7710456252098083,1
23741,0.16942688822746277,0
7245,0.2552107572555542,0
72016,0.10539153963327408,0
30529,0.08419341593980789,0
46153,0.1850811094045639,0
95863,0.24002978205680847,0
19084,0.10090827941894531,0
45701,0.09631586819887161,0
92084,0.10022225975990295,0
43591,0.17435625195503235,0
21456,0.08258949220180511,0
65827,0.07451643794775009,0
38297,0.09838175028562546,0
82604,0.22059622406959534,0
93758,0.1163889467716217,0
85306,0.14362244307994843,0
96215,0.09446179121732712,0
3149,0.22877278923988342,0
39217,0.1763519048690796,0
68902,0.171340212225914,0
91573,0.07654722779989243,0
18506,0.17655476927757263,0
21596,0.18293152749538422,0
27681,0.07211919128894806,0
82057,0.16382504999637604,0
16052,0.3561379611492157,0
72150,0.11546032130718231,0
34905,0.2334045022726059,0
83942,0.11132229119539261,0
96315,0.1752057820558548,0
3571,0.151632621884346,0
43098,0.17565536499023438,0
68519,0.12370248138904572,0
41207,0.35749462246894836,0
2149,0.430722177028656,0
10973,0.0964486300945282,0
94037,0.7439332604408264,1
20796,0.07023398578166962,0
92680,0.18044011294841766,0
21938,0.09395376592874527,0
9418,0.24628689885139465,0
49731,0.20169048011302948,0
48632,0.12444943934679031,0
73608,0.08291676640510559,0
63152,0.20328202843666077,0
10629,0.1336880773305893,0
94681,0.12709163129329681,0
20178,0.10381411015987396,0
86749,0.06548038125038147,0
43069,0.6687450408935547,1
63509,0.07578543573617935,0
18603,0.11962764710187912,0
59276,0.2945884168148041,0
14567,0.15102308988571167,0
49238,0.12631230056285858,0
63172,0.0894256979227066,0
17029,0.12052614986896515,0
73820,0.09334328025579453,0
14732,0.12581495940685272,0
65209,0.11784826219081879,0
94253,0.07311581820249557,0
63529,0.07700150460004807,0
52410,0.08319883793592453,0
19387,0.1412726640701294,0
35401,0.17080503702163696,0
5728,0.10936307162046432,0
4293,0.06621117889881134,0
79152,0.07205156236886978,0
75406,0.14833895862102509,0
19357,0.16770462691783905,0
71965,0.09283380955457687,0
8215,0.21459060907363892,0
52376,0.08081620931625366,0
12560,0.5667256116867065,1
14862,0.08158344775438309,0
23685,0.18597295880317688,0
91427,0.1070638969540596,0
86420,0.4884190559387207,0
14762,0.24182787537574768,0
46897,0.09619111567735672,0
31540,0.10740003734827042,0
43892,0.06559454649686813,0
20871,0.3009253144264221,0
10782,0.16871044039726257,0
38576,0.09559831023216248,0
82731,0.11856000870466232,0
72649,0.1690131574869156,0
69845,0.2622428238391876,0
57468,0.39151763916015625,0
81067,0.1015642061829567,0
42951,0.06850156933069229,0
64189,0.0802149772644043,0
72948,0.0909508764743805,0
8346,0.07252215594053268,0
50284,0.1621936559677124,0
13287,0.1852167844772339,0
31685,0.09687216579914093,0
39657,0.18935447931289673,0
26481,0.083048015832901,0
20579,0.10177786648273468,0
20941,0.12567147612571716,0
57614,0.07828081399202347,0
29746,0.21986377239227295,0
20831,0.612675130367279,1
3618,0.16273164749145508,0
72854,0.120278000831604,0
57980,0.11055757850408554,0
13078,0.24086332321166992,0
57641,0.0955873355269432,0
36198,0.05430134758353233,0
51962,0.06033051759004593,0
65034,0.10987980663776398,0
52369,0.14708775281906128,0
21380,0.10091261565685272,0
30821,0.22722283005714417,0
90726,0.1159236952662468,0
38456,0.09578709304332733,0
73092,0.15571974217891693,0
30264,0.2535244822502136,0
42689,0.11776861548423767,0
40589,0.1160646304488182,0
38920,0.11207500100135803,0
34519,0.09764140844345093,0
81460,0.15075337886810303,0
57243,0.28827860951423645,0
81496,0.11638647317886353,0
58012,0.4819347858428955,0
71395,0.12049928307533264,0
8943,0.5416548252105713,1
37821,0.4993237555027008,0
19402,0.27122804522514343,0
26107,0.09333079308271408,0
51396,0.0761299878358841,0
43820,0.19153228402137756,0
30765,0.11471813172101974,0
98541,0.25782838463783264,0
82701,0.10509184002876282,0
64250,0.3096942901611328,0
5763,0.1319347321987152,0
5627,0.15110176801681519,0
61548,0.1271103173494339,0
20173,0.16484856605529785,0
26348,0.16864809393882751,0
27845,0.08456568419933319,0
15637,0.08434242755174637,0
98604,0.17833931744098663,0
52879,0.08339480310678482,0
95348,0.12688778340816498,0
87136,0.08339570462703705,0
56701,0.060984328389167786,0
79816,0.16845495998859406,0
21584,0.13578249514102936,0
82716,0.1333591341972351,0
8427,0.08213257789611816,0
10723,0.2546750605106354,0
79586,0.15146131813526154,0
76490,0.11602482199668884,0
19386,0.2873465120792389,0
45293,0.15898047387599945,0
2436,0.2542237937450409,0
67825,0.1319667398929596,0
92386,0.3099692463874817,0
92653,0.123826764523983,0
87320,0.27730152010917664,0
4967,0.07426805794239044,0
93526,0.18753767013549805,0
18409,0.15903563797473907,0
1594,0.14285287261009216,0
42567,0.14403526484966278,0
56893,0.11374092847108841,0
71032,0.1399388462305069,0
15932,0.2942848801612854,0
86904,0.08842270076274872,0
90235,0.231949120759964,0
47562,0.17809978127479553,0
15230,0.10285679250955582,0
5346,0.19603842496871948,0
13672,0.14344348013401031,0
20674,0.19204029440879822,0
95647,0.18855944275856018,0
96137,0.33404138684272766,0
37810,0.3410809636116028,0
29468,0.08517805486917496,0
20613,0.3158961236476898,0
46890,0.1944657564163208,0
92584,0.0873500257730484,0
72401,0.5691355466842651,1
40587,0.44789883494377136,0
59187,0.14741717278957367,0
94318,0.1686711460351944,0
15389,0.19937476515769958,0
86235,0.1682104468345642,0
4869,0.23857063055038452,0
7426,0.13490761816501617,0
6947,0.1263500601053238,0
30281,0.13648556172847748,0
86952,0.1959903985261917,0
81647,0.18376804888248444,0
38524,0.29353582859039307,0
67140,0.29929572343826294,0
61592,0.18806596100330353,0
80921,0.06990047544240952,0
13540,0.3210454285144806,0
58341,0.1655382215976715,0
51806,0.10319399833679199,0
57698,0.14760389924049377,0
2794,0.2667821943759918,0
52680,0.2877724766731262,0
73546,0.2628997266292572,0
3179,0.25929543375968933,0
92631,0.07622139900922775,0
9256,0.2813657820224762,0
7213,0.10358606278896332,0
3174,0.28346937894821167,0
86490,0.2140500843524933,0
72961,0.10101581364870071,0
13702,0.09073945879936218,0
98621,0.3917876183986664,0
16925,0.17617017030715942,0
8725,0.08071664720773697,0
39428,0.08076567947864532,0
64810,0.3139178156852722,0
87904,0.19617360830307007,0
87095,0.07905939966440201,0
83294,0.14917892217636108,0
42389,0.0772697925567627,0
97421,0.4777436852455139,0
95321,0.1203138455748558,0
8132,0.13786040246486664,0
83029,0.0953259989619255,0
67538,0.1081150695681572,0
49865,0.23839840292930603,0
54097,0.09549426287412643,0
51672,0.10082974284887314,0
82903,0.18490180373191833,0
93167,0.08386002480983734,0
23597,0.07767045497894287,0
93705,0.1790311187505722,0
74396,0.29991117119789124,0
73501,0.19134820997714996,0
78953,0.23998329043388367,0
80216,0.17123934626579285,0
71094,0.23091824352741241,0
9578,0.10102785378694534,0
50374,0.07182522863149643,0
13420,0.11621206998825073,0
37261,0.16017122566699982,0
50869,0.11575283855199814,0
75609,0.11746420711278915,0
80249,0.24351167678833008,0
27380,0.09812678396701813,0
58694,0.4668988585472107,0
73802,0.1368291974067688,0
49801,0.2514273524284363,0
65130,0.324695885181427,0
16840,0.13854148983955383,0
54836,0.22978807985782623,0
41269,0.06763311475515366,0
5238,0.2109197974205017,0
84052,0.1682729721069336,0
32546,0.2446998506784439,0
97506,0.4213855564594269,0
57943,0.22346489131450653,0
84627,0.1646946370601654,0
71092,0.300117164850235,0
68915,0.15244734287261963,0
6958,0.08649800717830658,0
57324,0.7798067927360535,1
10486,0.4791032075881958,0
76120,0.766969621181488,1
12960,0.12101129442453384,0
67912,0.31449779868125916,0
70326,0.09137535095214844,0
93284,0.09467615187168121,0
94803,0.6388517618179321,1
10756,0.4313529431819916,0
3165,0.1498376578092575,0
41930,0.13726404309272766,0
82137,0.5400986671447754,1
25940,0.350620836019516,0
70682,0.1970476359128952,0
36908,0.09454768151044846,0
15340,0.213981494307518,0
60281,0.15079668164253235,0
65482,0.3735226094722748,0
13825,0.16249658167362213,0
6829,0.16492657363414764,0
61074,0.13016600906848907,0
4973,0.12559275329113007,0
89230,0.6486620306968689,1
10697,0.4879280924797058,0
39762,0.1893569976091385,0
90637,0.18124651908874512,0
97621,0.10958787798881531,0
3876,0.14942671358585358,0
27456,0.07736803591251373,0
89032,0.5176460146903992,1
30621,0.1224554032087326,0
13587,0.26403942704200745,0
59214,0.31475651264190674,0
36194,0.1804152876138687,0
83401,0.5925924777984619,1
94528,0.27976906299591064,0
13572,0.12027312070131302,0
30547,0.3672298491001129,0
49180,0.2088930755853653,0
19264,0.19460730254650116,0
25974,0.331274151802063,0
74358,0.15148985385894775,0
67520,0.15589141845703125,0
92418,0.057791899889707565,0
42381,0.7265976667404175,1
1425,0.8931872844696045,1
98143,0.15834534168243408,0
75493,0.16538134217262268,0
14729,0.21488113701343536,0
62917,0.1874571144580841,0
28176,0.14618085324764252,0
54863,0.1997072994709015,0
78026,0.13929232954978943,0
46015,0.13007473945617676,0
13457,0.19426386058330536,0
16803,0.21234075725078583,0
10469,0.7568482160568237,1
73916,0.16361944377422333,0
17590,0.21540214121341705,0
21037,0.23433135449886322,0
54168,0.13380642235279083,0
25681,0.19644473493099213,0
20591,0.10877800732851028,0
48195,0.4132469892501831,0
60239,0.14570841193199158,0
78962,0.17049604654312134,0
16385,0.09149898588657379,0
19560,0.2252827137708664,0
69812,0.19033604860305786,0
28493,0.12546157836914062,0
94651,0.5421897768974304,1
35768,0.2207951694726944,0
24365,0.5353648066520691,1
76809,0.21067430078983307,0
29617,0.20898286998271942,0
2486,0.26791664958000183,0
96308,0.13841353356838226,0
5142,0.2586676776409149,0
78946,0.10244296491146088,0
67302,0.10469655692577362,0
91824,0.09356694668531418,0
2641,0.12274742871522903,0
61972,0.2247041016817093,0
4317,0.15001574158668518,0
92561,0.7152881622314453,1
80536,0.6332204341888428,1
3125,0.10869265347719193,0
27154,0.21348600089550018,0
17538,0.1896432340145111,0
72684,0.3452448546886444,0
12640,0.11214590072631836,0
48105,0.7863925099372864,1
38602,0.0480145663022995,0
1674,0.10120799392461777,0
16085,0.12621502578258514,0
91870,0.46432730555534363,0
60924,0.4861007630825043,0
60742,0.06284083425998688,0
57028,0.32672634720802307,0
49315,0.26861393451690674,0
43157,0.4095218777656555,0
37680,0.060970429331064224,0
90627,0.07480695098638535,0
89476,0.4425915777683258,0
76492,0.20234598219394684,0
61893,0.7813546061515808,1
64912,0.3221662938594818,0
84092,0.3515516519546509,0
82713,0.10997156798839569,0
17254,0.2438303530216217,0
41508,0.5677144527435303,1
12578,0.4425325095653534,0
95813,0.30103611946105957,0
18795,0.8189986944198608,1
76942,0.17240479588508606,0
53176,0.13377347588539124,0
71069,0.1471734642982483,0
54698,0.1757269650697708,0
19470,0.07551558315753937,0
12769,0.15515004098415375,0
85740,0.0867409035563469,0
95476,0.3796294331550598,0
90352,0.32652217149734497,0
87064,0.1489916890859604,0
9175,0.23045243322849274,0
57864,0.18274147808551788,0
16245,0.15006929636001587,0
17036,0.17197953164577484,0
72096,0.43869999051094055,0
67108,0.24629434943199158,0
12703,0.08603091537952423,0
2697,0.20321239531040192,0
89351,0.28333044052124023,0
90158,0.20729130506515503,0
8794,0.37354013323783875,0
25714,0.45266181230545044,0
27510,0.1920456737279892,0
24569,0.46854811906814575,0
34625,0.19224199652671814,0
50762,0.4861304759979248,0
24360,0.19633588194847107,0
53871,0.34472277760505676,0
14289,0.1351519525051117,0
97638,0.07060832530260086,0
38150,0.21102607250213623,0
65439,0.19150683283805847,0
65937,0.8213700652122498,1
30126,0.8167626857757568,1
80526,0.10260024666786194,0
71260,0.10930708795785904,0
91680,0.3291165232658386,0
13706,0.1353224813938141,0
72563,0.5897764563560486,1
65714,0.09737061709165573,0
90367,0.05791400000452995,0
94753,0.10565627366304398,0
36907,0.0961214154958725,0
29015,0.09453325718641281,0
69570,0.059351351112127304,0
71653,0.5576585531234741,1
90173,0.10126730054616928,0
64357,0.3699840307235718,0
42103,0.723564863204956,1
26915,0.18259857594966888,0
75108,0.10475700348615646,0
60972,0.20203106105327606,0
15069,0.12895508110523224,0
69127,0.10451045632362366,0
72091,0.22038215398788452,0
82473,0.42195942997932434,0
32690,0.11180852353572845,0
49605,0.27898335456848145,0
89624,0.34609702229499817,0
19257,0.5702829957008362,1
48329,0.2883912920951843,0
39857,0.10249456763267517,0
3761,0.08086427301168442,0
89657,0.43393969535827637,0
7369,0.5870871543884277,1
4258,0.16975928843021393,0
18563,0.16757535934448242,0
18647,0.144474595785141,0
35679,0.4037517309188843,0
54693,0.3699522912502289,0
16459,0.43020716309547424,0
32857,0.23251453042030334,0
75926,0.3192802369594574,0
7524,0.26494109630584717,0
35081,0.09270734339952469,0
31598,0.23824913799762726,0
31642,0.719287633895874,1
2193,0.318071186542511,0
3857,0.12591083347797394,0
59642,0.3279007077217102,0
20369,0.18057222664356232,0
47210,0.4039672911167145,0
89173,0.2426231950521469,0
94601,0.6937323808670044,1
38594,0.11574842035770416,0
28497,0.0833417996764183,0
68927,0.12161868810653687,0
90682,0.496470183134079,0
97651,0.15242572128772736,0
21367,0.20381607115268707,0
49318,0.11773443222045898,0
53094,0.16292275488376617,0
49782,0.22669464349746704,0
86920,0.0698377713561058,0
2569,0.3846900463104248,0
97053,0.16402652859687805,0
43586,0.14449191093444824,0
70428,0.20183509588241577,0
75469,0.1246214359998703,0
39172,0.15225136280059814,0
40376,0.36997365951538086,0
18459,0.10188785940408707,0
59403,0.5877045392990112,1
29310,0.6502727270126343,1
34807,0.4816328287124634,0
18250,0.30934545397758484,0
73286,0.15371443331241608,0
24160,0.15009182691574097,0
79435,0.4302326440811157,0
95362,0.5984789133071899,1
27063,0.31672415137290955,0
12350,0.13550932705402374,0
79524,0.5607418417930603,1
97582,0.08518518507480621,0
30581,0.2860674560070038,0
75246,0.17402984201908112,0
67158,0.08006041496992111,0
72163,0.34900516271591187,0
49081,0.40710973739624023,0
12806,0.06935010105371475,0
36019,0.26170435547828674,0
89345,0.36741653084754944,0
62150,0.3119087517261505,0
96382,0.3025929927825928,0
90163,0.2552206814289093,0
9348,0.08844330906867981,0
30921,0.6420209407806396,1
12506,0.2064792811870575,0
40361,0.19449320435523987,0
30216,0.11769341677427292,0
18023,0.10838954150676727,0
75631,0.4626970887184143,0
71560,0.20937860012054443,0
16370,0.29396501183509827,0
24308,0.7338115572929382,1
57086,0.2227545976638794,0
95164,0.11193422973155975,0
57632,0.22161540389060974,0
46390,0.2501848042011261,0
10532,0.220682755112648,0
98217,0.6360437273979187,1
50731,0.08418137580156326,0
12367,0.515109121799469,1
23168,0.1459207832813263,0
8914,0.2123112678527832,0
74896,0.25713399052619934,0
71098,0.10891199856996536,0
95014,0.1379195749759674,0
97154,0.1906803697347641,0
59827,0.5245919823646545,1
45791,0.13602474331855774,0
60527,0.25846052169799805,0
61385,0.1798640936613083,0
58260,0.8668500185012817,1
34509,0.15922580659389496,0
38120,0.19485962390899658,0
90276,0.25507980585098267,0
95413,0.49849867820739746,0
71298,0.14950038492679596,0
57410,0.07904179394245148,0
91805,0.12263211607933044,0
81379,0.11496301740407944,0
85104,0.6356564164161682,1
85943,0.08800340443849564,0
96370,0.0921306312084198,0
19034,0.40772685408592224,0
51409,0.11840726435184479,0
7168,0.0856509655714035,0
37941,0.28613078594207764,0
39851,0.11162006855010986,0
31987,0.0633590817451477,0
29876,0.17291997373104095,0
94861,0.2214285284280777,0
29073,0.16546973586082458,0
27908,0.21111561357975006,0
56302,0.08818354457616806,0
32709,0.13653789460659027,0
14068,0.08836003392934799,0
65347,0.29535040259361267,0
27639,0.15042376518249512,0
7214,0.06928486377000809,0
12934,0.3484664857387543,0
61924,0.10214770585298538,0
73689,0.1458267718553543,0
37690,0.30448704957962036,0
65401,0.18299496173858643,0
40165,0.1446983963251114,0
5296,0.17771023511886597,0
6148,0.4143102169036865,0
89216,0.1342843621969223,0
19873,0.3222869336605072,0
36129,0.10492820292711258,0
75048,0.09902285784482956,0
23658,0.20669449865818024,0
17529,0.21084657311439514,0
14365,0.1809540092945099,0
36170,0.23783336579799652,0
12845,0.2768552005290985,0
37648,0.09093362092971802,0
80631,0.07493693381547928,0
51308,0.13148505985736847,0
42038,0.13557058572769165,0
90362,0.21673572063446045,0
84720,0.35180866718292236,0
36195,0.3250773251056671,0
57340,0.1303526908159256,0
16430,0.5021190047264099,1
84270,0.2683909833431244,0
10794,0.21185560524463654,0
56309,0.13157044351100922,0
39758,0.15129625797271729,0
58297,0.4526897072792053,0
37056,0.3417286276817322,0
95068,0.061908598989248276,0
5983,0.12854915857315063,0
89647,0.159385085105896,0
40198,0.43581339716911316,0
4785,0.6312994956970215,1
46738,0.2741464674472809,0
59268,0.23749017715454102,0
89435,0.8632540106773376,1
79805,0.5007880330085754,1
81605,0.377908855676651,0
60852,0.11494791507720947,0
39074,0.3403698205947876,0
87654,0.1354150027036667,0
89317,0.08529511094093323,0
8361,0.22419026494026184,0
57146,0.22062306106090546,0
82453,0.09037315100431442,0
52786,0.19720174372196198,0
17298,0.2814931869506836,0
39672,0.16665290296077728,0
20846,0.5376166105270386,1
9643,0.39930981397628784,0
62784,0.16464173793792725,0
84752,0.6295018196105957,1
60123,0.17785832285881042,0
26785,0.08754505962133408,0
19306,0.1590791493654251,0
81205,0.24008634686470032,0
3196,0.4694235026836395,0
21349,0.5214031338691711,1
97246,0.25350651144981384,0
42305,0.2596275806427002,0
79504,0.2134191393852234,0
1397,0.1580001711845398,0
2578,0.3456040322780609,0
30127,0.2686196267604828,0
34685,0.13964660465717316,0
98274,0.4217100143432617,0
97528,0.4946615695953369,0
67532,0.07843989878892899,0
18965,0.22541357576847076,0
65281,0.23919382691383362,0
42059,0.16308657824993134,0
62907,0.2897430956363678,0
1358,0.575697660446167,1
53462,0.16766539216041565,0
79340,0.20504476130008698,0
71439,0.6157360672950745,1
36589,0.07558592408895493,0
52806,0.2566985785961151,0
15927,0.17619700729846954,0
71805,0.21009813249111176,0
72980,0.20716606080532074,0
72491,0.128196582198143,0
93105,0.33601289987564087,0
4853,0.38129663467407227,0
37962,0.07502490282058716,0
63974,0.10772380977869034,0
92147,0.7392600774765015,1
58601,0.3790479004383087,0
42068,0.42058709263801575,0
4728,0.3333674967288971,0
13978,0.11660072952508926,0
39710,0.31576400995254517,0
32091,0.13958393037319183,0
8539,0.35864749550819397,0
56038,0.1293964982032776,0
59873,0.22312240302562714,0
41928,0.2496490478515625,0
72409,0.4238151013851166,0
74105,0.32176539301872253,0
54368,0.5554260611534119,1
26138,0.05037922039628029,0
90326,0.21124660968780518,0
4269,0.7758874297142029,1
68923,0.4494358003139496,0
29465,0.1101624071598053,0
45621,0.19007667899131775,0
93015,0.7566400766372681,1
75912,0.20016618072986603,0
90713,0.5441078543663025,1
73254,0.7588080763816833,1
23789,0.09351813048124313,0
97146,0.3878850042819977,0
10789,0.27390050888061523,0
59870,0.10600358992815018,0
34267,0.38438597321510315,0
24837,0.12167923152446747,0
9537,0.15473756194114685,0
58407,0.1922214925289154,0
52084,0.22487269341945648,0
18702,0.12141645699739456,0
57941,0.743434727191925,1
1893,0.7013980150222778,1
83709,0.17116087675094604,0
73054,0.28478068113327026,0
62598,0.5399560928344727,1
34065,0.48918288946151733,0
24163,0.22685115039348602,0
80275,0.07401156425476074,0
26013,0.46016308665275574,0
91048,0.12167132645845413,0
92517,0.40427058935165405,0
78542,0.15840820968151093,0
71693,0.11813844740390778,0
79641,0.24458636343479156,0
4398,0.1696251928806305,0
49582,0.11152131110429764,0
39274,0.09580874443054199,0
9528,0.12977133691310883,0
42960,0.08219243586063385,0
49567,0.22397947311401367,0
67281,0.352322518825531,0
71548,0.185435950756073,0
90185,0.10778219252824783,0
10784,0.12244180589914322,0
16375,0.07743290811777115,0
8726,0.2239193171262741,0
31420,0.3885705769062042,0
51934,0.11130866408348083,0
29364,0.11496949940919876,0
6278,0.08400053530931473,0
92816,0.09051854908466339,0
83649,0.12441153824329376,0
84307,0.13328903913497925,0
25130,0.10291901230812073,0
83106,0.4070661962032318,0
46508,0.06592030823230743,0
1926,0.39204052090644836,0
85406,0.11716392636299133,0
80654,0.24729883670806885,0
13208,0.06679288297891617,0
15928,0.11527369916439056,0
86430,0.41611915826797485,0
85061,0.25783225893974304,0
34527,0.08297943323850632,0
27491,0.05860203132033348,0
14907,0.12682703137397766,0
2957,0.12021248042583466,0
41768,0.2501237094402313,0
37469,0.36512720584869385,0
50714,0.4729086458683014,0
14673,0.12141674757003784,0
18075,0.09958133846521378,0
97063,0.1773059368133545,0
82360,0.1225554570555687,0
17382,0.1226615160703659,0
49031,0.05108160898089409,0
51346,0.125257670879364,0
25138,0.09710414707660675,0
71856,0.34410715103149414,0
54176,0.3146413564682007,0
43058,0.26811569929122925,0
25839,0.15885373950004578,0
29345,0.3419567346572876,0
68304,0.19216875731945038,0
96174,0.1305241882801056,0
54209,0.2600913643836975,0
50691,0.06406151503324509,0
62584,0.18962988257408142,0
92810,0.2246786653995514,0
39871,0.33800289034843445,0
70198,0.11460466682910919,0
93106,0.15616357326507568,0
10387,0.17973151803016663,0
42875,0.07614494115114212,0
60821,0.0658515989780426,0
49638,0.07173985987901688,0
73489,0.1208193227648735,0
43021,0.14597539603710175,0
59762,0.1842706799507141,0
39284,0.2731521427631378,0
28394,0.26088541746139526,0
10542,0.2774723172187805,0
7642,0.12009844183921814,0
93754,0.11854345351457596,0
92346,0.16503813862800598,0
58936,0.1377009004354477,0
87945,0.17926087975502014,0
31526,0.13549992442131042,0
37916,0.08138523250818253,0
71352,0.1242554560303688,0
2164,0.07597135752439499,0
3587,0.09415437281131744,0
47839,0.23764386773109436,0
34281,0.050488922744989395,0
